instance_id,scenario,subtype,subtype_zh,migration_type,migration_type_zh,implementation_scope,implementation_scope_zh,logic_equivalence_scope,logic_equivalence_scope_zh,repo_full_name,repo_created_at,repo_stars,pr_number,pr_url,pr_created_at,title,body_summary,changed_file_summary,has_tests_before,has_tests_before_zh,adds_new_tests,adds_new_tests_zh,auto_signals,auto_signals_zh,manual_label,manual_label_zh,source_language,source_language_zh,target_language,target_language_zh,source_version,target_version,migration_pattern,test_framework,test_framework_zh,build_system,build_system_zh,reproducible,reproducible_zh,issue_rewrite_ready,issue_rewrite_ready_zh,leakage_risk,leakage_risk_zh,exclude_reason,exclude_reason_zh,reviewer,cross_check_status,cross_check_status_zh,notes
python_java__256foundation__asic-rs__pr221,language_migration,python_java,Python 到 Java,cross_language_migration,跨语言迁移,,部分功能迁移=partial_feature_migration；整仓翻译=full_repo_translation,,同一逻辑翻译=same_logic_translation；部分逻辑替换=partial_logic_replacement；逻辑不清=unclear_logic_mapping,256foundation/asic-rs,2025-03-04T23:52:48Z,32,221,https://github.com/256foundation/asic-rs/pull/221,2026-04-07T21:23:19Z,fix(python): fix `into_unit` in the python bindings,"The symbols were flipped when using into unit in the python bindings, the value should be multiplied by the old unit then divided by the new unit.",python/pyasic_rs/data.py,true,是,false,否,touches_code,修改代码,,正例=positive；负例=negative；不确定=uncertain,python,Python,java,Java,,,,,,,,unknown,待确认,needs_check,还需检查,low,低,,,,,待复核=pending；已复核=checked；有分歧=disagreed,
python_java__EasyPost__shentry__pr19,language_migration,python_java,Python 到 Java,cross_language_migration,跨语言迁移,,部分功能迁移=partial_feature_migration；整仓翻译=full_repo_translation,,同一逻辑翻译=same_logic_translation；部分逻辑替换=partial_logic_replacement；逻辑不清=unclear_logic_mapping,EasyPost/shentry,2016-05-12T21:44:13Z,12,19,https://github.com/EasyPost/shentry/pull/19,2026-04-08T19:14:01Z,new python versions,- Drops support for Python earlier than 3.9 - Adds support for Python 3.13 and 3.14 - Swaps setup.py for pyproject.toml - Swaps Makefile for Justfile - Swaps pip for uv - Migrates from Coveralls to Codecov - Updates dev dependencies,.github/workflows/ci.yml; CHANGELOG.md; Makefile; README.md; justfile; pyproject.toml; requirements-tests.txt; setup.py; shentry.py,true,是,false,否,touches_code,修改代码,,正例=positive；负例=negative；不确定=uncertain,python,Python,java,Java,,,,,,setuptools,setuptools,unknown,待确认,needs_check,还需检查,medium,中,,,,,待复核=pending；已复核=checked；有分歧=disagreed,
python_java__EggerMarc__tools-rs__pr37,language_migration,python_java,Python 到 Java,cross_language_migration,跨语言迁移,,部分功能迁移=partial_feature_migration；整仓翻译=full_repo_translation,,同一逻辑翻译=same_logic_translation；部分逻辑替换=partial_logic_replacement；逻辑不清=unclear_logic_mapping,EggerMarc/tools-rs,2025-02-03T20:42:26Z,7,37,https://github.com/EggerMarc/tools-rs/pull/37,2026-04-13T14:17:27Z,Feat/python,<!-- This is an auto-generated comment: release notes by coderabbit.ai --> ## Summary by CodeRabbit ## Release Notes * **New Features** * Added Python FFI support to enable writing and executing tools in Python alongside Rust tools. * **Documentation** * Added Python FFI support documentation...,Cargo.lock; Cargo.toml; README.md; ffi/tools_python/Cargo.toml; ffi/tools_python/src/decorator.rs; ffi/tools_python/src/lib.rs; tests/ffi_builder.rs; tests/ffi_python.rs; tests/fixtures/python/multi.py; tests/fixtures/python/no_tools.py; tests/fixtures/python/reverse.py; tests/fixtures/python/types_demo.py; tools_core/Cargo.toml; tools_core/src/ffi.rs,true,是,true,是,adds_new_tests; touches_code; touches_tests,新增测试；修改代码；修改测试,,正例=positive；负例=negative；不确定=uncertain,python,Python,java,Java,,,,test_files_detected,检测到测试文件,,,unknown,待确认,needs_check,还需检查,medium,中,,,,,待复核=pending；已复核=checked；有分歧=disagreed,
python_java__FLOX-Foundation__flox__pr91,language_migration,python_java,Python 到 Java,cross_language_migration,跨语言迁移,,部分功能迁移=partial_feature_migration；整仓翻译=full_repo_translation,,同一逻辑翻译=same_logic_translation；部分逻辑替换=partial_logic_replacement；逻辑不清=unclear_logic_mapping,FLOX-Foundation/flox,2025-05-25T13:27:47Z,192,91,https://github.com/FLOX-Foundation/flox/pull/91,2026-04-13T19:36:51Z,Python bindings,"This PR adds Python bindings for aggregators, backtest, books, composite book, indicators, optimizer, positions, profiles, replay, and segment operations",docs/how-to/python-bindings.md; docs/index.md; docs/reference/README.md; docs/reference/python/aggregators.md; docs/reference/python/backtest.md; docs/reference/python/books.md; docs/reference/python/engine.md; docs/reference/python/index.md; docs/reference/python/indicators.md; docs/reference/python/optimizer.md; docs/reference/python/positions.md; docs/reference/python/profiles.md; docs/reference/python/replay.md; docs/reference/python/segment_ops.md; include/flox/book/composite_book_matrix.h; include/flox/strategy/symbol_state_map.h; mkdocs.yml; python/aggregator_bindings.h; python/backtest_bindings.h; python/book_bindings.h,true,是,false,否,touches_code,修改代码,,正例=positive；负例=negative；不确定=uncertain,python,Python,java,Java,,,,,,,,unknown,待确认,needs_check,还需检查,low,低,,,,,待复核=pending；已复核=checked；有分歧=disagreed,
python_java__Farama-Foundation__Shimmy__pr139,language_migration,python_java,Python 到 Java,cross_language_migration,跨语言迁移,,部分功能迁移=partial_feature_migration；整仓翻译=full_repo_translation,,同一逻辑翻译=same_logic_translation；部分逻辑替换=partial_logic_replacement；逻辑不清=unclear_logic_mapping,Farama-Foundation/Shimmy,2022-10-06T21:24:05Z,208,139,https://github.com/Farama-Foundation/Shimmy/pull/139,2026-04-05T22:07:38Z,Update python version,# Description Update python versions for currently maintained versions and fix the CI as much as possible.,.github/workflows/build-test.yml; .github/workflows/optional-test-bsuite.yml; .github/workflows/optional-test-dm-control-multiagent.yml; .github/workflows/optional-test-dm-control.yml; .github/workflows/optional-test-dm-lab.yml; .github/workflows/optional-test-meltingpot.yml; .github/workflows/optional-test-openspiel.yml; .pre-commit-config.yaml; README.md; bin/dm_lab.Dockerfile; docs/environments/dm_lab.md; pyproject.toml; setup.py; shimmy/__init__.py; shimmy/openspiel_compatibility.py; tests/test_bsuite.py; tests/test_dm_control.py; tests/test_meltingpot.py; tests/test_openspiel.py,true,是,false,否,touches_code; touches_tests,修改代码；修改测试,,正例=positive；负例=negative；不确定=uncertain,python,Python,java,Java,,,,test_files_detected,检测到测试文件,setuptools,setuptools,unknown,待确认,needs_check,还需检查,low,低,,,,,待复核=pending；已复核=checked；有分歧=disagreed,
python_java__Kobzol__memviz__pr24,language_migration,python_java,Python 到 Java,cross_language_migration,跨语言迁移,,部分功能迁移=partial_feature_migration；整仓翻译=full_repo_translation,,同一逻辑翻译=same_logic_translation；部分逻辑替换=partial_logic_replacement；逻辑不清=unclear_logic_mapping,Kobzol/memviz,2024-09-13T12:18:30Z,8,24,https://github.com/Kobzol/memviz/pull/24,2026-04-05T20:52:50Z,Python UI refinements,This pr adds: - ordering of heap objects using DFS - hiding objects when parent object is closed - persisting object state (open/closed) between steps - readme update,README.md; extension/README.md; extension/src/reactor/webviewMessageHandler/debugpy.ts; extension/static/scripts/debugpy/memviz_get_variables_info.py; memviz-ui/package.json; memviz-ui/src/visualization/debugpy/component-state.ts; memviz-ui/src/visualization/debugpy/components/heap/heap-block.vue; memviz-ui/src/visualization/debugpy/components/heap/heap.vue; memviz-ui/src/visualization/debugpy/components/places/stack-frame.vue; memviz-ui/src/visualization/debugpy/components/value/collection/dict.vue; memviz-ui/src/visualization/debugpy/components/value/collection/flat-collection.vue; memviz-ui/src/visualization/debugpy/components/value/object/object.vue; memviz-ui/src/visualization/debugpy/components/value/value-ref.vue; memviz-ui/src/visualization/debugpy/frame-visibility.ts; memviz-ui/src/visualization/debugpy/store.ts; memviz-ui/src/visualization/debugpy/type/lazy-value.ts; memviz-ui/src/visualization/debugpy/value-tracker.ts; package-lock.json,true,是,false,否,touches_code,修改代码,,正例=positive；负例=negative；不确定=uncertain,python,Python,java,Java,,,,,,,,unknown,待确认,needs_check,还需检查,low,低,,,,,待复核=pending；已复核=checked；有分歧=disagreed,
python_java__Pikselkroken__pixlstash__pr198,language_migration,python_java,Python 到 Java,cross_language_migration,跨语言迁移,,部分功能迁移=partial_feature_migration；整仓翻译=full_repo_translation,,同一逻辑翻译=same_logic_translation；部分逻辑替换=partial_logic_replacement；逻辑不清=unclear_logic_mapping,Pikselkroken/pixlstash,2025-10-12T14:13:17Z,29,198,https://github.com/Pikselkroken/pixlstash/pull/198,2026-04-14T06:04:08Z,Python ssl,,CHANGELOG.md; pixlstash/server.py; pixlstash/startup_checks.py; tests/test_ssl_generation.py,true,是,true,是,adds_new_tests; touches_code; touches_tests,新增测试；修改代码；修改测试,,正例=positive；负例=negative；不确定=uncertain,python,Python,java,Java,,,,test_files_detected,检测到测试文件,,,unknown,待确认,needs_check,还需检查,low,低,,,,,待复核=pending；已复核=checked；有分歧=disagreed,
python_java__SUSE__BCI-dockerfile-generator__pr3676,language_migration,python_java,Python 到 Java,cross_language_migration,跨语言迁移,,部分功能迁移=partial_feature_migration；整仓翻译=full_repo_translation,,同一逻辑翻译=same_logic_translation；部分逻辑替换=partial_logic_replacement；逻辑不清=unclear_logic_mapping,SUSE/BCI-dockerfile-generator,2022-06-09T14:43:21Z,15,3676,https://github.com/SUSE/BCI-dockerfile-generator/pull/3676,2026-04-14T19:26:11Z,"Mark python 3.14 containers as latest, remove from python 3.13",,src/bci_build/package/python.py,true,是,false,否,touches_code,修改代码,,正例=positive；负例=negative；不确定=uncertain,python,Python,java,Java,,,,,,,,unknown,待确认,needs_check,还需检查,medium,中,,,,,待复核=pending；已复核=checked；有分歧=disagreed,
python_java__SebastianSchmidl__periodicity-detection__pr50,language_migration,python_java,Python 到 Java,cross_language_migration,跨语言迁移,,部分功能迁移=partial_feature_migration；整仓翻译=full_repo_translation,,同一逻辑翻译=same_logic_translation；部分逻辑替换=partial_logic_replacement；逻辑不清=unclear_logic_mapping,SebastianSchmidl/periodicity-detection,2023-07-19T07:10:36Z,23,50,https://github.com/SebastianSchmidl/periodicity-detection/pull/50,2026-04-12T13:23:40Z,Update python versions,- Add support for Python 3.14 - Remove support for Python 3.9 - Update necessary dependencies and project configuration,.github/workflows/build.yml; .github/workflows/test-pr.yml; .pre-commit-config.yaml; .readthedocs.yaml; LICENSE; README.md; docs/index.rst; docs/requirements.txt; periodicity_detection/_version.py; periodicity_detection/methods/findfrequency.py; pyproject.toml; requirements.dev; requirements.txt; setup.py,true,是,false,否,touches_code,修改代码,,正例=positive；负例=negative；不确定=uncertain,python,Python,java,Java,,,,,,setuptools,setuptools,unknown,待确认,needs_check,还需检查,medium,中,,,,,待复核=pending；已复核=checked；有分歧=disagreed,
python_java__Simple-Robotics__pinocchio__pr32,language_migration,python_java,Python 到 Java,cross_language_migration,跨语言迁移,,部分功能迁移=partial_feature_migration；整仓翻译=full_repo_translation,,同一逻辑翻译=same_logic_translation；部分逻辑替换=partial_logic_replacement；逻辑不清=unclear_logic_mapping,Simple-Robotics/pinocchio,2025-02-10T17:57:42Z,14,32,https://github.com/Simple-Robotics/pinocchio/pull/32,2026-04-07T09:36:26Z,Lcaba python bindings,## Description Adds Python bindings for the LCABA algo in the Pin4 branch. ## Checklist - [ ] I have run `pre-commit run --all-files` or `pixi run lint`. - [x] I have performed a self-review of my own code - [x] I have commented my code where necessary - [ ] I have made corresponding changes to...,CHANGELOG.md; bindings/python/algorithm/expose-algorithms.cpp; bindings/python/algorithm/expose-loop-constrained-aba.cpp; examples/CMakeLists.txt; examples/simulation-closed-kinematic-chains.py; examples/simulation-lcaba.py; include/pinocchio/bindings/python/algorithm/algorithms.hpp; sources.cmake; unittest/python/CMakeLists.txt; unittest/python/bindings_lcaba.py,true,是,true,是,adds_new_tests; touches_code; touches_tests,新增测试；修改代码；修改测试,,正例=positive；负例=negative；不确定=uncertain,python,Python,java,Java,,,,unittest,unittest,cmake,CMake,unknown,待确认,needs_check,还需检查,low,低,,,,,待复核=pending；已复核=checked；有分歧=disagreed,
python_java__Skitionek__nf-mapper__pr8,language_migration,python_java,Python 到 Java,cross_language_migration,跨语言迁移,,部分功能迁移=partial_feature_migration；整仓翻译=full_repo_translation,,同一逻辑翻译=same_logic_translation；部分逻辑替换=partial_logic_replacement；逻辑不清=unclear_logic_mapping,Skitionek/nf-mapper,2026-03-06T20:45:01Z,9,8,https://github.com/Skitionek/nf-mapper/pull/8,2026-03-11T20:56:40Z,Rewrite nf-mapper in Java using the native Nextflow AST parser,"- [x] Replace Python with Java using native Nextflow AST (`io.nextflow:nf-lang`) - [x] Remove Python `nf_mapper/` source, tests, `pyproject.toml` - [x] Rename `nf-mapper-java/` to `nf-mapper/`; update all references - [x] Update `Dockerfile` to multi-stage Java build - [x] Update `action.yml` to...",.github/workflows/ci.yml; .github/workflows/update-readme.yml; .gitignore; CHANGELOG.md; Dockerfile; README.md; action.yml; nf-mapper/pom.xml; nf-mapper/src/main/java/com/nfmapper/cli/NfMapperCli.java; nf-mapper/src/main/java/com/nfmapper/mermaid/MermaidRenderer.java; nf-mapper/src/main/java/com/nfmapper/model/NfInclude.java; nf-mapper/src/main/java/com/nfmapper/model/NfProcess.java; nf-mapper/src/main/java/com/nfmapper/model/NfWorkflow.java; nf-mapper/src/main/java/com/nfmapper/model/ParsedPipeline.java; nf-mapper/src/main/java/com/nfmapper/parser/NextflowParser.java; nf-mapper/src/test/java/com/nfmapper/cli/CliTest.java; nf-mapper/src/test/java/com/nfmapper/mermaid/MermaidRendererTest.java; nf-mapper/src/test/java/com/nfmapper/parser/ParserTest.java; nf-mapper/src/test/java/com/nfmapper/snapshot/SnapshotTest.java; nf-mapper/src/test/resources/fixtures/complex_workflow.nf,true,是,true,是,adds_new_tests; cross_language_mapping_visible; keyword_match; strict_migration_signal; touches_code; touches_tests,新增测试；可见跨语言对应关系；命中关键词；强迁移信号；修改代码；修改测试,,正例=positive；负例=negative；不确定=uncertain,python,Python,java,Java,,,,test_files_detected,检测到测试文件,poetry,Poetry,unknown,待确认,needs_check,还需检查,high,高,,,,,待复核=pending；已复核=checked；有分歧=disagreed,
python_java__altescy__colt__pr110,language_migration,python_java,Python 到 Java,cross_language_migration,跨语言迁移,,部分功能迁移=partial_feature_migration；整仓翻译=full_repo_translation,,同一逻辑翻译=same_logic_translation；部分逻辑替换=partial_logic_replacement；逻辑不清=unclear_logic_mapping,altescy/colt,2020-01-26T05:13:05Z,26,110,https://github.com/altescy/colt/pull/110,2026-04-15T02:37:27Z,Supports python 3.14,,.github/workflows/ci.yaml; pyproject.toml; src/colt/utils.py; uv.lock,true,是,false,否,touches_code,修改代码,,正例=positive；负例=negative；不确定=uncertain,python,Python,java,Java,,,,,,poetry,Poetry,unknown,待确认,needs_check,还需检查,medium,中,,,,,待复核=pending；已复核=checked；有分歧=disagreed,
python_java__apache__fory__pr3543,language_migration,python_java,Python 到 Java,cross_language_migration,跨语言迁移,,部分功能迁移=partial_feature_migration；整仓翻译=full_repo_translation,,同一逻辑翻译=same_logic_translation；部分逻辑替换=partial_logic_replacement；逻辑不清=unclear_logic_mapping,apache/fory,2023-04-28T03:57:00Z,4298,3543,https://github.com/apache/fory/pull/3543,2026-04-07T11:36:07Z,refactor(python): refactor python serialization api,"## Why? Refactor the Python serialization runtime to make serializer ownership and per-operation state explicit. This moves read and write state out of `Fory`, aligns the Python and Cython code paths around the same context model, and simplifies how custom serializers interact with the runtime....",.gitignore; AGENTS.md; compiler/fory_compiler/generators/python.py; docs/guide/python/custom-serializers.md; docs/guide/python/type-registration.md; python/pyfory/_fory.py; python/pyfory/_serializer.py; python/pyfory/buffer.pxi; python/pyfory/collection.pxi; python/pyfory/collection.py; python/pyfory/context.pxi; python/pyfory/context.py; python/pyfory/meta/typedef.py; python/pyfory/primitive.pxi; python/pyfory/registry.py; python/pyfory/resolver.py; python/pyfory/serialization.pyx; python/pyfory/serializer.py; python/pyfory/struct.pxi; python/pyfory/struct.py,true,是,false,否,touches_code; touches_tests,修改代码；修改测试,,正例=positive；负例=negative；不确定=uncertain,python,Python,java,Java,,,,test_files_detected,检测到测试文件,,,unknown,待确认,needs_check,还需检查,medium,中,,,,,待复核=pending；已复核=checked；有分歧=disagreed,
python_java__apache__storm__pr8450,language_migration,python_java,Python 到 Java,cross_language_migration,跨语言迁移,,部分功能迁移=partial_feature_migration；整仓翻译=full_repo_translation,,同一逻辑翻译=same_logic_translation；部分逻辑替换=partial_logic_replacement；逻辑不清=unclear_logic_mapping,apache/storm,2013-11-05T08:00:14Z,6682,8450,https://github.com/apache/storm/pull/8450,2026-03-28T11:41:03Z,"Port Clojure tests to Java: metrics_test, nimbus_auth_test (Phase 5)",## Summary - Ports 2 of 5 tests from `metrics_test.clj` and all 5 tests from `nimbus_auth_test.clj` to Java/JUnit 5 - Clojure `defbolt count-acks` replaced with Java `CountAcksBolt` inner class - JAAS digest config copied to storm-server test resources for classpath access ### Tests ported...,storm-core/test/jvm/org/apache/storm/metric/MetricsIntegrationTest.java; storm-server/src/test/java/org/apache/storm/security/auth/NimbusAuthTest.java; storm-server/src/test/resources/org/apache/storm/security/auth/jaas_digest.conf,true,是,true,是,adds_new_tests; strict_migration_signal; touches_code; touches_tests,新增测试；强迁移信号；修改代码；修改测试,,正例=positive；负例=negative；不确定=uncertain,python,Python,java,Java,,,,test_files_detected,检测到测试文件,,,unknown,待确认,needs_check,还需检查,low,低,,,,,待复核=pending；已复核=checked；有分歧=disagreed,
python_java__cabelo__libzupt__pr3,language_migration,python_java,Python 到 Java,cross_language_migration,跨语言迁移,,部分功能迁移=partial_feature_migration；整仓翻译=full_repo_translation,,同一逻辑翻译=same_logic_translation；部分逻辑替换=partial_logic_replacement；逻辑不清=unclear_logic_mapping,cabelo/libzupt,2026-04-11T01:38:35Z,17,3,https://github.com/cabelo/libzupt/pull/3,2026-04-11T17:19:21Z,Fix python examples,"- Fix in loadKeyPair (src/zupt_crypto.cpp): Added code to correct the ""has_private"" flag in the loaded public key header. - Fix in example example_basic.py: Converted enc_header from bytes to a list using list(enc_header) before passing to decrypt(). - Fix in SecureBuffer: Added constructor that...",examples_python/zupt_pybind.cpp,true,是,false,否,touches_code,修改代码,,正例=positive；负例=negative；不确定=uncertain,python,Python,java,Java,,,,,,,,unknown,待确认,needs_check,还需检查,low,低,,,,,待复核=pending；已复核=checked；有分歧=disagreed,
python_java__config-i1__smooth__pr348,language_migration,python_java,Python 到 Java,cross_language_migration,跨语言迁移,,部分功能迁移=partial_feature_migration；整仓翻译=full_repo_translation,,同一逻辑翻译=same_logic_translation；部分逻辑替换=partial_logic_replacement；逻辑不清=unclear_logic_mapping,config-i1/smooth,2016-01-25T12:06:26Z,96,348,https://github.com/config-i1/smooth/pull/348,2026-04-10T10:31:11Z,Python,"## What issue does this PR fix? Closes #344 ## Language - [ ] R - [x ] Python - [ ] Both ## Package version This is a new version of smooth, v 1.0.1, built on 1.0.0 ## Development environment Ubuntu 25.10 ## AI assistance - [ x] AI was used in the creation of this PR **If yes — how was AI used?**...",README.md; python/README.md; python/pyproject.toml; python/src/smooth/adam_general/core/adam.py; python/src/smooth/adam_general/core/checker/parameter_checks.py; python/src/smooth/adam_general/core/checker/parameters_checker.py; python/src/smooth/adam_general/core/creator/architector.py; python/src/smooth/adam_general/core/creator/creator.py; python/src/smooth/adam_general/core/creator/filler.py; python/src/smooth/adam_general/core/creator/initialiser.py; python/src/smooth/adam_general/core/estimator/estimator.py; python/src/smooth/adam_general/core/estimator/selector.py; python/src/smooth/adam_general/core/estimator/two_stage.py; python/src/smooth/adam_general/core/forecaster/forecaster.py; python/src/smooth/adam_general/core/utils/n_param.py; python/src/smooth/adam_general/core/utils/utils.py; python/tests/R scripts/2026-04-09-etsX-R.R; python/tests/data/etsx_data.csv; python/tests/notebooks/2026-04-09-etsX.ipynb; python/tests/test_adam_airpassengers.py,true,是,true,是,adds_new_tests; touches_code; touches_tests,新增测试；修改代码；修改测试,,正例=positive；负例=negative；不确定=uncertain,python,Python,java,Java,,,,test_files_detected,检测到测试文件,poetry,Poetry,unknown,待确认,needs_check,还需检查,low,低,,,,,待复核=pending；已复核=checked；有分歧=disagreed,
python_java__config-i1__smooth__pr358,language_migration,python_java,Python 到 Java,cross_language_migration,跨语言迁移,,部分功能迁移=partial_feature_migration；整仓翻译=full_repo_translation,,同一逻辑翻译=same_logic_translation；部分逻辑替换=partial_logic_replacement；逻辑不清=unclear_logic_mapping,config-i1/smooth,2016-01-25T12:06:26Z,96,358,https://github.com/config-i1/smooth/pull/358,2026-04-14T09:31:53Z,Python,"## What issue does this PR fix? Linting, ruffing and fixing the constant=True ## Language - [ ] R - [x] Python - [ ] Both",python/src/smooth/adam_general/core/adam.py; python/src/smooth/adam_general/core/checker/parameters_checker.py; python/src/smooth/adam_general/core/creator/architector.py; python/src/smooth/adam_general/core/creator/initialiser.py; python/src/smooth/adam_general/core/creator/initialization.py; python/src/smooth/adam_general/core/utils/printing.py; python/tests/test_adam.py,true,是,false,否,touches_code; touches_tests,修改代码；修改测试,,正例=positive；负例=negative；不确定=uncertain,python,Python,java,Java,,,,test_files_detected,检测到测试文件,,,unknown,待确认,needs_check,还需检查,low,低,,,,,待复核=pending；已复核=checked；有分歧=disagreed,
python_java__daisytuner__docc__pr629,language_migration,python_java,Python 到 Java,cross_language_migration,跨语言迁移,,部分功能迁移=partial_feature_migration；整仓翻译=full_repo_translation,,同一逻辑翻译=same_logic_translation；部分逻辑替换=partial_logic_replacement；逻辑不清=unclear_logic_mapping,daisytuner/docc,2025-03-13T01:07:26Z,20,629,https://github.com/daisytuner/docc/pull/629,2026-04-02T09:12:18Z,Python inplace,,.github/workflows/unit_tests_linux.yml; c-compile/CMakeLists.txt; c-compile/include/docc/util/docc_paths.h; c-compile/src/util/docc_paths.cpp; mlir/bindings/CMakeLists.txt; python/CMakeLists.txt; python/bindings/py_structured_sdfg.cpp; sdfg/src/offloading/data_offloading_node.cpp,true,是,false,否,touches_code,修改代码,,正例=positive；负例=negative；不确定=uncertain,python,Python,java,Java,,,,,,cmake,CMake,unknown,待确认,needs_check,还需检查,low,低,,,,,待复核=pending；已复核=checked；有分歧=disagreed,
python_java__dance858__Toeplitz-covariance-estimation__pr7,language_migration,python_java,Python 到 Java,cross_language_migration,跨语言迁移,,部分功能迁移=partial_feature_migration；整仓翻译=full_repo_translation,,同一逻辑翻译=same_logic_translation；部分逻辑替换=partial_logic_replacement；逻辑不清=unclear_logic_mapping,dance858/Toeplitz-covariance-estimation,2023-12-22T06:32:14Z,17,7,https://github.com/dance858/Toeplitz-covariance-estimation/pull/7,2026-04-06T00:23:10Z,python example,,.github/workflows/build-and-publish.yml; .gitignore; CMakeLists.txt; README.md; demo.jpg; pyproject.toml; python/examples/demo.png; python/examples/demo.py; python/examples/doa_utils.py; python/nml/_bindings.c; python/nml/solver.py,true,是,false,否,touches_code,修改代码,,正例=positive；负例=negative；不确定=uncertain,python,Python,java,Java,,,,,,cmake,CMake,unknown,待确认,needs_check,还需检查,low,低,,,,,待复核=pending；已复核=checked；有分歧=disagreed,
python_java__elfmz__far2l__pr3346,language_migration,python_java,Python 到 Java,cross_language_migration,跨语言迁移,,部分功能迁移=partial_feature_migration；整仓翻译=full_repo_translation,,同一逻辑翻译=same_logic_translation；部分逻辑替换=partial_logic_replacement；逻辑不清=unclear_logic_mapping,elfmz/far2l,2016-08-10T20:43:58Z,2140,3346,https://github.com/elfmz/far2l/pull/3346,2026-04-12T17:27:21Z,python plugin update,- linted docker plugin - built-in runlike command in docker plugin (F3 on running docker process) - new plugin uimgimage.py - use far2l image protocol for showing image from python plugin - new plugin imagepdf.py - show pdf using image protocol - change conflicting keys in uedreplace (fixes...,python/configs/plugins/read-en.txt; python/configs/plugins/read-pl.txt; python/configs/plugins/readme-plugins.txt; python/configs/plugins/udocker.py; python/configs/plugins/udockerio.py; python/configs/plugins/udockerrunlike.py; python/configs/plugins/uedreplace.py; python/configs/plugins/uimgimage.py; python/configs/plugins/uimgpdf.py,true,是,false,否,touches_code,修改代码,,正例=positive；负例=negative；不确定=uncertain,python,Python,java,Java,,,,,,,,unknown,待确认,needs_check,还需检查,high,高,,,,,待复核=pending；已复核=checked；有分歧=disagreed,
python_java__hw-native-sys__simpler__pr504,language_migration,python_java,Python 到 Java,cross_language_migration,跨语言迁移,,部分功能迁移=partial_feature_migration；整仓翻译=full_repo_translation,,同一逻辑翻译=same_logic_translation；部分逻辑替换=partial_logic_replacement；逻辑不清=unclear_logic_mapping,hw-native-sys/simpler,2026-01-27T03:22:48Z,10,504,https://github.com/hw-native-sys/simpler/pull/504,2026-04-10T03:14:28Z,Refactor: move python/ modules into python/simpler/ package,"## Summary - Move all 7 flat modules from `python/` into `python/simpler/` package, aligning with pypto's convention (`python/pypto/`) - Convert intra-package imports to relative form (e.g., `from .toolchain import ...`) - Update all external consumers (~50 files) to use `from simpler.X import Y`...",ci.py; conftest.py; docs/getting-started.md; docs/testing.md; examples/a2a3/aicpu_build_graph/bgemm/kernels/kernel_config.py; examples/a2a3/aicpu_build_graph/vector_example/kernels/kernel_config.py; examples/a2a3/host_build_graph/bgemm/kernels/kernel_config.py; examples/a2a3/host_build_graph/matmul/kernels/kernel_config.py; examples/a2a3/host_build_graph/paged_attention/kernels/kernel_config.py; examples/a2a3/host_build_graph/vector_example/kernels/kernel_config.py; examples/a2a3/tensormap_and_ringbuffer/batch_paged_attention/kernels/kernel_config.py; examples/a2a3/tensormap_and_ringbuffer/bgemm/kernels/kernel_config.py; examples/a2a3/tensormap_and_ringbuffer/mixed_example/kernels/kernel_config.py; examples/a2a3/tensormap_and_ringbuffer/multi-round-paged-attention/kernels/kernel_config.py; examples/a2a3/tensormap_and_ringbuffer/paged_attention/kernels/kernel_config.py; examples/a2a3/tensormap_and_ringbuffer/vector_example/kernels/kernel_config.py; examples/a2a3/tensormap_and_ringbuffer/vector_example/test_vector_example.py; examples/a5/host_build_graph/paged_attention/kernels/kernel_config.py; examples/a5/tensormap_and_ringbuffer/bgemm/kernels/kernel_config.py; examples/a5/tensormap_and_ringbuffer/mixed_example/kernels/kernel_config.py,true,是,false,否,touches_code; touches_tests,修改代码；修改测试,,正例=positive；负例=negative；不确定=uncertain,python,Python,java,Java,,,,pytest,pytest,,,unknown,待确认,needs_check,还需检查,high,高,,,,,待复核=pending；已复核=checked；有分歧=disagreed,
python_java__melihbirim__csvql__pr41,language_migration,python_java,Python 到 Java,cross_language_migration,跨语言迁移,,部分功能迁移=partial_feature_migration；整仓翻译=full_repo_translation,,同一逻辑翻译=same_logic_translation；部分逻辑替换=partial_logic_replacement；逻辑不清=unclear_logic_mapping,melihbirim/csvql,2026-02-23T10:37:50Z,10,41,https://github.com/melihbirim/csvql/pull/41,2026-04-14T16:31:28Z,Feat/python lib,Python lib added,.github/workflows/release.yml; .gitignore; build.zig; python/csvql/__init__.py; python/csvql/_loader.py; python/examples/basic.py; python/examples/pandas_example.py; python/pyproject.toml; python/setup.py; src/lib.zig,true,是,false,否,touches_code,修改代码,,正例=positive；负例=negative；不确定=uncertain,python,Python,java,Java,,,,,,setuptools,setuptools,unknown,待确认,needs_check,还需检查,low,低,,,,,待复核=pending；已复核=checked；有分歧=disagreed,
python_java__oliver-zehentleitner__unicorn-binance-rest-api__pr95,language_migration,python_java,Python 到 Java,cross_language_migration,跨语言迁移,,部分功能迁移=partial_feature_migration；整仓翻译=full_repo_translation,,同一逻辑翻译=same_logic_translation；部分逻辑替换=partial_logic_replacement；逻辑不清=unclear_logic_mapping,oliver-zehentleitner/unicorn-binance-rest-api,2021-04-03T15:55:50Z,68,95,https://github.com/oliver-zehentleitner/unicorn-binance-rest-api/pull/95,2026-04-08T13:43:44Z,"Add Python 3.14 support, drop Python 3.8","## Summary - Drop Python 3.8 (EOL Oct 2024), minimum is now 3.9 - Add Python 3.14 support - Remove leftover `simplejson` dependency from `pyproject.toml` (inconsistency carried over from before #94 was merged to fork) - Remove `importlib-metadata` conditional dep (was only needed for py<3.8) ##...",.github/workflows/build_wheels.yml; .github/workflows/unit-tests.yml; environment.yml; meta.yaml; pyproject.toml; requirements.txt; setup.py; unicorn_binance_rest_api/helpers.py,true,是,false,否,touches_code,修改代码,,正例=positive；负例=negative；不确定=uncertain,python,Python,java,Java,,,,,,setuptools,setuptools,unknown,待确认,needs_check,还需检查,medium,中,,,,,待复核=pending；已复核=checked；有分歧=disagreed,
python_java__openrewrite__rewrite__pr7239,language_migration,python_java,Python 到 Java,cross_language_migration,跨语言迁移,,部分功能迁移=partial_feature_migration；整仓翻译=full_repo_translation,,同一逻辑翻译=same_logic_translation；部分逻辑替换=partial_logic_replacement；逻辑不清=unclear_logic_mapping,openrewrite/rewrite,2020-05-12T20:16:14Z,3407,7239,https://github.com/openrewrite/rewrite/pull/7239,2026-04-02T08:18:15Z,Fix `ChangeType` `UnsupportedOperationException` on JS `FunctionCall` nodes,"## Motivation When running Java recipes (e.g., `NoGuavaPredicate` → `ChangeType`) against repositories containing JavaScript files, `ChangeType.postVisit()` throws `UnsupportedOperationException` on `JS.FunctionCall` nodes. This was discovered in flagship recipe run alerts on app.moderne.io — the...",rewrite-csharp/csharp/OpenRewrite/Java/Rpc/JavaReceiver.cs; rewrite-csharp/csharp/OpenRewrite/Java/Rpc/JavaSender.cs; rewrite-java/src/main/java/org/openrewrite/java/ChangeType.java; rewrite-java/src/main/java/org/openrewrite/java/internal/rpc/JavaReceiver.java; rewrite-java/src/main/java/org/openrewrite/java/internal/rpc/JavaSender.java; rewrite-javascript/rewrite/src/java/rpc.ts; rewrite-javascript/src/integTest/java/org/openrewrite/javascript/ChangeTypeAdaptabilityTest.java; rewrite-python/rewrite/src/rewrite/rpc/python_receiver.py; rewrite-python/rewrite/src/rewrite/rpc/python_sender.py,true,是,false,否,cross_language_mapping_visible; touches_code,可见跨语言对应关系；修改代码,,正例=positive；负例=negative；不确定=uncertain,python,Python,java,Java,,,,,,,,unknown,待确认,needs_check,还需检查,low,低,,,,,待复核=pending；已复核=checked；有分歧=disagreed,
python_java__radareorg__radare2-bindings__pr241,language_migration,python_java,Python 到 Java,cross_language_migration,跨语言迁移,,部分功能迁移=partial_feature_migration；整仓翻译=full_repo_translation,,同一逻辑翻译=same_logic_translation；部分逻辑替换=partial_logic_replacement；逻辑不清=unclear_logic_mapping,radareorg/radare2-bindings,2013-12-19T22:49:47Z,135,241,https://github.com/radareorg/radare2-bindings/pull/241,2026-04-13T12:48:24Z,fix python bindings,"**Checklist** - [ ] Closing issues: #issue - [ ] Mark this if you consider it ready to merge - [ ] I've added tests (optional) - [ ] I wrote some documentation **Description** <!-- Explain in detail the purpose of this contribution, with enough information to help us understand better the patch -->",.gitignore; r2libr/libr/r_hash.py; r2libr/tests/test_r2libr.py; r2libr/tools/gen.py,true,是,false,否,touches_code; touches_tests,修改代码；修改测试,,正例=positive；负例=negative；不确定=uncertain,python,Python,java,Java,,,,test_files_detected,检测到测试文件,,,unknown,待确认,needs_check,还需检查,low,低,,,,,待复核=pending；已复核=checked；有分歧=disagreed,
python_java__relf__EGObox__pr410,language_migration,python_java,Python 到 Java,cross_language_migration,跨语言迁移,,部分功能迁移=partial_feature_migration；整仓翻译=full_repo_translation,,同一逻辑翻译=same_logic_translation；部分逻辑替换=partial_logic_replacement；逻辑不清=unclear_logic_mapping,relf/EGObox,2020-08-27T08:07:45Z,172,410,https://github.com/relf/EGObox/pull/410,2026-04-08T09:58:06Z,Fix Python examples ,This PR fixes Python examples which now handles minimize optim result properly. Btw `hot_start` can be a boolean equivalent to previously `hot_start=0`,python/egobox/egobox.pyi; python/egobox/examples/branin_fcstr.py; python/egobox/examples/branin_nans.py; python/egobox/examples/g24.py; python/egobox/examples/g24_fcstr.py; python/egobox/examples/rastrigin.py; python/egobox/examples/rosenbrock_2d_trego.py; python/egobox/tests/test_egor.py; python/src/egor.rs,true,是,false,否,touches_code; touches_tests,修改代码；修改测试,,正例=positive；负例=negative；不确定=uncertain,python,Python,java,Java,,,,test_files_detected,检测到测试文件,,,unknown,待确认,needs_check,还需检查,low,低,,,,,待复核=pending；已复核=checked；有分歧=disagreed,
python_java__sogno-platform__cimgen__pr76,language_migration,python_java,Python 到 Java,cross_language_migration,跨语言迁移,,部分功能迁移=partial_feature_migration；整仓翻译=full_repo_translation,,同一逻辑翻译=same_logic_translation；部分逻辑替换=partial_logic_replacement；逻辑不清=unclear_logic_mapping,sogno-platform/cimgen,2021-07-15T17:17:39Z,24,76,https://github.com/sogno-platform/cimgen/pull/76,2026-04-11T19:26:38Z,Cleanup python,This adds modern tooling for python. It removes redundant details in the README and the docker setup which has never been used extensively.,.devcontainer/Dockerfile.dev; .devcontainer/devcontainer.json; .flake8; .gitignore; .pre-commit-config.yaml; Dockerfile; MANIFEST.in; Makefile; README.md; cimgen/cimgen.py; cimgen/languages/cpp/lang_pack.py; cimgen/languages/java/lang_pack.py; cimgen/languages/javascript/lang_pack.py; cimgen/languages/modernpython/lang_pack.py; cimgen/languages/python/lang_pack.py; docs/CIMgenProjects.md; docs/images/cimgen_concept.svg; docs/images/cimgen_logo.svg; docs/past-commits.txt; documentation/images/cimgen_logo.png,true,是,false,否,touches_code,修改代码,,正例=positive；负例=negative；不确定=uncertain,python,Python,java,Java,,,,,,poetry,Poetry,unknown,待确认,needs_check,还需检查,low,低,,,,,待复核=pending；已复核=checked；有分歧=disagreed,
python_java__strata-org__Strata__pr823,language_migration,python_java,Python 到 Java,cross_language_migration,跨语言迁移,,部分功能迁移=partial_feature_migration；整仓翻译=full_repo_translation,,同一逻辑翻译=same_logic_translation；部分逻辑替换=partial_logic_replacement；逻辑不清=unclear_logic_mapping,strata-org/Strata,2025-07-23T18:06:13Z,152,823,https://github.com/strata-org/Strata/pull/823,2026-04-09T23:31:59Z,Add synthetic Python tests covering many Python constructs,This PR adds 326 Python tests that cover many Python constructs. Each test is simple and follows the same structure: ```python def some_function(): # do some computation assert(...) # This assert must be proven valid some_function() ``` The tests that can be analyzed with Strata and for which the...,.github/workflows/ci.yml; StrataTest/Languages/Python/expected_laurel/test_any_arithmetic.expected; StrataTest/Languages/Python/expected_laurel/test_any_bool.expected; StrataTest/Languages/Python/expected_laurel/test_any_comparison.expected; StrataTest/Languages/Python/expected_laurel/test_any_dict.expected; StrataTest/Languages/Python/expected_laurel/test_any_in_if.expected; StrataTest/Languages/Python/expected_laurel/test_any_int.expected; StrataTest/Languages/Python/expected_laurel/test_any_list.expected; StrataTest/Languages/Python/expected_laurel/test_any_reassign_type.expected; StrataTest/Languages/Python/expected_laurel/test_any_str.expected; StrataTest/Languages/Python/expected_laurel/test_any_to_int.expected; StrataTest/Languages/Python/expected_laurel/test_any_to_str.expected; StrataTest/Languages/Python/expected_laurel/test_assert_false.expected; StrataTest/Languages/Python/expected_laurel/test_assert_no_msg.expected; StrataTest/Languages/Python/expected_laurel/test_augadd.expected; StrataTest/Languages/Python/expected_laurel/test_augadd_list.expected; StrataTest/Languages/Python/expected_laurel/test_augadd_str.expected; StrataTest/Languages/Python/expected_laurel/test_augfloordiv.expected; StrataTest/Languages/Python/expected_laurel/test_augmul.expected; StrataTest/Languages/Python/expected_laurel/test_augsub.expected,true,是,true,是,adds_new_tests; touches_code; touches_tests,新增测试；修改代码；修改测试,,正例=positive；负例=negative；不确定=uncertain,python,Python,java,Java,,,,test_files_detected,检测到测试文件,,,unknown,待确认,needs_check,还需检查,low,低,,,,,待复核=pending；已复核=checked；有分歧=disagreed,
python_java__texus__TGUI__pr351,language_migration,python_java,Python 到 Java,cross_language_migration,跨语言迁移,,部分功能迁移=partial_feature_migration；整仓翻译=full_repo_translation,,同一逻辑翻译=same_logic_translation；部分逻辑替换=partial_logic_replacement；逻辑不清=unclear_logic_mapping,texus/TGUI,2012-05-05T15:38:22Z,1032,351,https://github.com/texus/TGUI/pull/351,2026-04-13T14:18:22Z,Minor python fixups,,themes/development/Black/generate.py,true,是,false,否,touches_code,修改代码,,正例=positive；负例=negative；不确定=uncertain,python,Python,java,Java,,,,,,,,unknown,待确认,needs_check,还需检查,low,低,,,,,待复核=pending；已复核=checked；有分歧=disagreed,
python_java__tradestreamhq__tradestream__pr1797,language_migration,python_java,Python 到 Java,cross_language_migration,跨语言迁移,,部分功能迁移=partial_feature_migration；整仓翻译=full_repo_translation,,同一逻辑翻译=same_logic_translation；部分逻辑替换=partial_logic_replacement；逻辑不清=unclear_logic_mapping,tradestreamhq/tradestream,2024-11-03T01:26:40Z,7,1797,https://github.com/tradestreamhq/tradestream/pull/1797,2026-03-10T22:53:13Z,Add VectorBT backtesting ADR and YAML strategy loader,## Summary - Add ADR documenting the decision to migrate backtesting from ta4j (Java) to VectorBT (Python) at `specs/vectorbt-backtesting/SPEC.md` - Implement `YamlStrategyLoader` that reads YAML strategy specs and generates entry/exit signals for VectorBT backtesting - Add integration tests...,services/backtesting/BUILD; services/backtesting/tests/test_yaml_strategy_loader.py; services/backtesting/yaml_strategy_loader.py; specs/vectorbt-backtesting/SPEC.md,true,是,true,是,adds_new_tests; touches_code; touches_tests,新增测试；修改代码；修改测试,,正例=positive；负例=negative；不确定=uncertain,python,Python,java,Java,,,,test_files_detected,检测到测试文件,,,unknown,待确认,needs_check,还需检查,low,低,,,,,待复核=pending；已复核=checked；有分歧=disagreed,
python_java__wdas__unf__pr34,language_migration,python_java,Python 到 Java,cross_language_migration,跨语言迁移,,部分功能迁移=partial_feature_migration；整仓翻译=full_repo_translation,,同一逻辑翻译=same_logic_translation；部分逻辑替换=partial_logic_replacement；逻辑不清=unclear_logic_mapping,wdas/unf,2022-05-03T23:18:29Z,69,34,https://github.com/wdas/unf/pull/34,2026-03-30T23:37:53Z,python: remove support for Boost::python,We no longer support USD < 25.11. Remove dead code. Resolves: PUP-3206,.github/workflows/test-linux.yml; .github/workflows/test-windows.yml; CMakeLists.txt; cmake/modules/FindUSD.cmake; doc/sphinx/release/release_notes.rst; src/CMakeLists.txt; src/python/CMakeLists.txt; src/python/predicate.h; src/python/wrapBroker.cpp; src/python/wrapCapturePredicate.cpp; src/python/wrapNotice.cpp; src/python/wrapTransaction.cpp,true,是,false,否,touches_code,修改代码,,正例=positive；负例=negative；不确定=uncertain,python,Python,java,Java,,,,,,cmake,CMake,unknown,待确认,needs_check,还需检查,low,低,,,,,待复核=pending；已复核=checked；有分歧=disagreed,
python_java__wrangleworks__WranglesPY__pr955,language_migration,python_java,Python 到 Java,cross_language_migration,跨语言迁移,,部分功能迁移=partial_feature_migration；整仓翻译=full_repo_translation,,同一逻辑翻译=same_logic_translation；部分逻辑替换=partial_logic_replacement；逻辑不清=unclear_logic_mapping,wrangleworks/WranglesPY,2021-10-16T18:30:26Z,5,955,https://github.com/wrangleworks/WranglesPY/pull/955,2026-04-03T17:27:57Z,Python variables,,tests/recipes/wrangles/test_main.py; wrangles/recipe.py; wrangles/recipe_wrangles/main.py; wrangles/utils.py,true,是,false,否,touches_code; touches_tests,修改代码；修改测试,,正例=positive；负例=negative；不确定=uncertain,python,Python,java,Java,,,,test_files_detected,检测到测试文件,,,unknown,待确认,needs_check,还需检查,low,低,,,,,待复核=pending；已复核=checked；有分歧=disagreed,
